<?xml version="1.0" encoding="UTF-8"?>
<project-private xmlns="http://www.netbeans.org/ns/project-private/1">
    <editor-bookmarks xmlns="http://www.netbeans.org/ns/editor-bookmarks/2" lastBookmarkId="0"/>
    <open-files xmlns="http://www.netbeans.org/ns/projectui-open-files/2">
        <group>
            <file>file:/D:/major/web/show_families.jsp</file>
            <file>file:/D:/major/web/inventory/etc/show_etc.jsp</file>
            <file>file:/D:/major/web/inventory/etc/etc_process.jsp</file>
            <file>file:/D:/major/web/delete_user_process.jsp</file>
            <file>file:/D:/major/src/java/pkg/connect.java</file>
            <file>file:/D:/major/web/village_process.jsp</file>
            <file>file:/D:/major/web/insert_villages.jsp</file>
            <file>file:/D:/major/web/css/family_form.css</file>
            <file>file:/D:/major/web/delete_family.jsp</file>
            <file>file:/D:/major/web/family_process.jsp</file>
            <file>file:/D:/major/web/inventory/medicine/medicine_process.jsp</file>
            <file>file:/D:/major/web/inventory/etc/etc.jsp</file>
            <file>file:/D:/major/web/js/addfield.js</file>
            <file>file:/D:/major/web/css/style_form.css</file>
            <file>file:/D:/major/web/delete_village.jsp</file>
            <file>file:/D:/major/web/user_process.jsp</file>
            <file>file:/D:/major/web/insert_family.jsp</file>
            <file>file:/D:/major/web/update.html</file>
            <file>file:/D:/major/web/database.html</file>
            <file>file:/D:/major/web/home.html</file>
            <file>file:/D:/major/web/delete_user.jsp</file>
            <file>file:/D:/major/web/css/user_form.css</file>
            <file>file:/D:/major/web/inventory/medicine/show_medicine.jsp</file>
            <file>file:/D:/major/web/update_village_process.jsp</file>
            <file>file:/D:/major/web/css/style.css</file>
            <file>file:/D:/major/web/opd_ui.jsp</file>
            <file>file:/D:/major/web/update_user_process.jsp</file>
            <file>file:/D:/major/web/opd/css/stylo.css</file>
            <file>file:/D:/major/web/opd/opd.jsp</file>
            <file>file:/D:/major/web/update_user.jsp</file>
            <file>file:/D:/major/web/show_users.jsp</file>
            <file>file:/D:/major/web/delete_family_process.jsp</file>
            <file>file:/D:/major/web/inventory/medicine/medicines.jsp</file>
            <file>file:/D:/major/web/insert_user.jsp</file>
            <file>file:/D:/major/web/delete_village_process.jsp</file>
            <file>file:/D:/major/web/opd/opd_index.jsp</file>
            <file>file:/D:/major/web/show_village.jsp</file>
            <file>file:/D:/major/web/update_village.jsp</file>
        </group>
    </open-files>
</project-private>
