<?xml version="1.0" encoding="UTF-8"?>
<project-private xmlns="http://www.netbeans.org/ns/project-private/1">
    <editor-bookmarks xmlns="http://www.netbeans.org/ns/editor-bookmarks/2" lastBookmarkId="0"/>
    <open-files xmlns="http://www.netbeans.org/ns/projectui-open-files/2">
        <group>
            <file>file:/D:/major/web/inventory/etc/show_etc.jsp</file>
            <file>file:/D:/major/web/opd/css/style_table.css</file>
            <file>file:/D:/major/web/inventory/medicine/update_medicine_process.jsp</file>
            <file>file:/D:/major/web/index.html</file>
            <file>file:/D:/major/web/delete_user_process.jsp</file>
            <file>file:/D:/major/src/java/pkg/connect.java</file>
            <file>file:/D:/major/web/village_process.jsp</file>
            <file>file:/D:/major/web/inventory/medicine/medicine_archive.jsp</file>
            <file>file:/D:/major/web/family_archive.jsp</file>
            <file>file:/D:/major/web/inventory/etc/update_etc_process.jsp</file>
            <file>file:/D:/major/web/update_family_process.jsp</file>
            <file>file:/D:/major/web/inventory/medicine/delete_medicine_process.jsp</file>
            <file>file:/D:/major/web/inventory/stationary/delete_stationary.jsp</file>
            <file>file:/D:/major/web/inventory/disposable/archive_disposable.jsp</file>
            <file>file:/D:/major/web/family_process.jsp</file>
            <file>file:/D:/major/web/inventory/medicine/family_form.css</file>
            <file>file:/D:/major/web/inventory/medicine/medicine_process.jsp</file>
            <file>file:/D:/major/web/inventory/medicine/style_table.css</file>
            <file>file:/D:/major/web/inventory/stationary/delete_stationary_process.jsp</file>
            <file>file:/D:/major/web/contact_us_backend.jsp</file>
            <file>file:/D:/major/web/contact.jsp</file>
            <file>file:/D:/major/web/inventory/etc/archive_etc.jsp</file>
            <file>file:/D:/major/web/user_process.jsp</file>
            <file>file:/D:/major/web/inventory/etc/style.css</file>
            <file>file:/D:/major/web/profile.html</file>
            <file>file:/D:/major/web/css/user_form.css</file>
            <file>file:/D:/major/web/inventory/medicine/show_medicine.jsp</file>
            <file>file:/D:/major/web/inventory/etc/update_etc.jsp</file>
            <file>file:/D:/major/web/update_village_process.jsp</file>
            <file>file:/D:/major/web/css/style_table.css</file>
            <file>file:/D:/major/web/update_family.jsp</file>
            <file>file:/D:/major/web/opd/show_opd_history.jsp</file>
            <file>file:/D:/major/web/inventory/disposable/disposable_process.jsp</file>
            <file>file:/D:/major/web/update_user_process.jsp</file>
            <file>file:/D:/major/web/opd/css/stylo.css</file>
            <file>file:/D:/major/web/opd/opd.jsp</file>
            <file>file:/D:/major/web/inventory/disposable/update_disposable_process.jsp</file>
            <file>file:/D:/major/web/js/contact.js</file>
            <file>file:/D:/major/web/opd/css/style.css</file>
            <file>file:/D:/major/web/show_users.jsp</file>
            <file>file:/D:/major/web/UserVerify.jsp</file>
            <file>file:/D:/major/web/inventory/disposable/delete_disposable_process.jsp</file>
            <file>file:/D:/major/web/logout.jsp</file>
            <file>file:/D:/major/web/opd/opd_index.jsp</file>
            <file>file:/D:/major/web/inventory/medicine/delete_medicine.jsp</file>
            <file>file:/D:/major/web/show_families.jsp</file>
            <file>file:/D:/major/web/inventory/etc/etc_process.jsp</file>
            <file>file:/D:/major/web/home.jsp</file>
            <file>file:/D:/major/web/inventory/etc/family_form.css</file>
            <file>file:/D:/major/web/opd/jquery.autocomplete.js</file>
            <file>file:/D:/major/web/inventory/disposable/style.css</file>
            <file>file:/D:/major/web/inventory/disposable/show_disposable.jsp</file>
            <file>file:/D:/major/web/inventory/disposable/update_disposable.jsp</file>
            <file>file:/D:/major/web/inventory/stationary/stationary_process.jsp</file>
            <file>file:/D:/major/web/database.jsp</file>
            <file>file:/D:/major/web/insert_villages.jsp</file>
            <file>file:/D:/major/web/css/family_form.css</file>
            <file>file:/D:/major/web/inventory/disposable/disposable.jsp</file>
            <file>file:/D:/major/web/delete_family.jsp</file>
            <file>file:/D:/major/web/inventory.jsp</file>
            <file>file:/D:/major/web/inventory/disposable/delete.css</file>
            <file>file:/D:/major/web/inventory/stationary/delete.css</file>
            <file>file:/D:/major/web/inventory/etc/etc.jsp</file>
            <file>file:/D:/major/web/css/style_form.css</file>
            <file>file:/D:/major/web/delete_village.jsp</file>
            <file>file:/D:/major/web/inventory/etc/style_form.css</file>
            <file>file:/D:/major/web/inventory/stationary/stationary_archive.jsp</file>
            <file>file:/D:/major/web/inventory/disposable/delete_disposable.jsp</file>
            <file>file:/D:/major/web/insert_family.jsp</file>
            <file>file:/D:/major/web/update.html</file>
            <file>file:/D:/major/web/about.jsp</file>
            <file>file:/D:/major/web/inventory/medicine/update_medicine.jsp</file>
            <file>file:/D:/major/web/delete_user.jsp</file>
            <file>file:/D:/major/web/inventory/stationary/show_stationary.jsp</file>
            <file>file:/D:/major/web/inventory/stationary/stationary.jsp</file>
            <file>file:/D:/major/web/inventory/stationary/update_stationary.jsp</file>
            <file>file:/D:/major/web/inventory/stationary/style_table.css</file>
            <file>file:/D:/major/web/css/style.css</file>
            <file>file:/D:/major/web/opd_ui.jsp</file>
            <file>file:/D:/major/web/css/logstyle.css</file>
            <file>file:/D:/major/web/user_archive.jsp</file>
            <file>file:/D:/major/web/inventory/stationary/family_form.css</file>
            <file>file:/D:/major/web/update_user.jsp</file>
            <file>file:/D:/major/web/inventory/stationary/update_stationar_process.jsp</file>
            <file>file:/D:/major/web/delete_family_process.jsp</file>
            <file>file:/D:/major/web/inventory/medicine/medicines.jsp</file>
            <file>file:/D:/major/web/insert_user.jsp</file>
            <file>file:/D:/major/web/delete_village_process.jsp</file>
            <file>file:/D:/major/web/show_village.jsp</file>
            <file>file:/D:/major/web/inventory/etc/delete_etc.jsp</file>
            <file>file:/D:/major/web/inventory/etc/delete_etc_process.jsp</file>
            <file>file:/D:/major/web/register.html</file>
            <file>file:/D:/major/web/update_village.jsp</file>
            <file>file:/D:/major/web/village_archive.jsp</file>
        </group>
    </open-files>
</project-private>
